review_id,review,source
1,"The food was delicious, but the service was slow. The place was spotless.",synthetic_demo
2,The staff were friendly and the pizza was excellent.,synthetic_demo
3,The food was awful. The bill was overpriced.,synthetic_demo
4,"The restroom was filthy, although the waiter was polite.",synthetic_demo
5,Affordable prices and delicious biryani.,synthetic_demo
6,The service was rude. We waited for hours.,synthetic_demo
7,The dining area was clean. The food was good.,synthetic_demo
8,The coffee was terrible but the staff were helpful.,synthetic_demo
9,The prices were expensive. The portions were tiny.,synthetic_demo
10,The queue was slow but the meal was fantastic.,synthetic_demo
11,The food was not good.,synthetic_demo
12,The staff were not rude.,synthetic_demo
13,The washroom was spotless and the service was excellent.,synthetic_demo
14,The pizza was bland. The prices were reasonable.,synthetic_demo
15,"The waiter was wonderful, but the dessert was disgusting.",synthetic_demo
16,The food was great and the service was terrible.,synthetic_demo
17,The waiting time was awful. The food was delicious.,synthetic_demo
18,The chicken was tasty and the bill was affordable.,synthetic_demo
19,The tables were dirty. The staff were rude.,synthetic_demo
20,The restaurant is on the main road.,synthetic_demo
21,The menu lists coffee and rice.,synthetic_demo
22,The service was prompt. The pasta was amazing.,synthetic_demo
23,"The food was tasteless, but the restroom was clean.",synthetic_demo
24,The price was fair. The service was friendly.,synthetic_demo
25,The wait was frustrating. The manager was helpful.,synthetic_demo
26,The soup was excellent but the salad was terrible.,synthetic_demo
27,The place was unhygienic. The food was awful.,synthetic_demo
28,Excellent value for money and wonderful food.,synthetic_demo
29,"The service was slow, but the staff were polite.",synthetic_demo
30,The meal was good. The price was expensive. The washroom was dirty.,synthetic_demo
